Model 1,Model 2,Statistic,p-value,Lower_CI,Upper_CI,Reject H0
MultinomialNB()_15000.0,MultinomialNB()_10000.0,0.0,1.0,-0.038,0.038,False
MultinomialNB()_15000.0,MultinomialNB()_5000.0,0.0,1.0,-0.038,0.038,False
MultinomialNB()_15000.0,MultinomialNB()_2500.0,0.006,1.0,-0.031,0.044,False
MultinomialNB()_15000.0,LinearSVC()_15000.0,0.018,0.968,-0.019,0.056,False
MultinomialNB()_15000.0,LinearSVC()_5000.0,0.018,0.968,-0.019,0.056,False
MultinomialNB()_15000.0,LinearSVC()_10000.0,0.018,0.968,-0.019,0.056,False
MultinomialNB()_15000.0,LinearSVC()_2500.0,0.02,0.924,-0.018,0.058,False
MultinomialNB()_15000.0,MultinomialNB()_1000.0,0.031,0.24,-0.006,0.069,False
MultinomialNB()_15000.0,LogisticRegression()_15000.0,0.04,0.022,0.003,0.078,True
MultinomialNB()_15000.0,LogisticRegression()_10000.0,0.04,0.022,0.003,0.078,True
MultinomialNB()_15000.0,LogisticRegression()_5000.0,0.04,0.022,0.003,0.078,True
MultinomialNB()_15000.0,LogisticRegression()_2500.0,0.04,0.021,0.003,0.078,True
MultinomialNB()_15000.0,LinearSVC()_1000.0,0.043,0.01,0.005,0.08,True
MultinomialNB()_15000.0,LogisticRegression()_1000.0,0.043,0.008,0.005,0.081,True
MultinomialNB()_15000.0,LogisticRegression()_500.0,0.05,0.001,0.013,0.088,True
MultinomialNB()_15000.0,MultinomialNB()_500.0,0.071,0.0,0.033,0.108,True
MultinomialNB()_15000.0,LinearSVC()_500.0,0.071,0.0,0.033,0.109,True
MultinomialNB()_10000.0,MultinomialNB()_15000.0,0.0,1.0,-0.038,0.038,False
MultinomialNB()_10000.0,MultinomialNB()_5000.0,0.0,1.0,-0.038,0.038,False
MultinomialNB()_10000.0,MultinomialNB()_2500.0,0.006,1.0,-0.031,0.044,False
MultinomialNB()_10000.0,LinearSVC()_15000.0,0.018,0.968,-0.019,0.056,False
MultinomialNB()_10000.0,LinearSVC()_5000.0,0.018,0.968,-0.019,0.056,False
MultinomialNB()_10000.0,LinearSVC()_10000.0,0.018,0.968,-0.019,0.056,False
MultinomialNB()_10000.0,LinearSVC()_2500.0,0.02,0.924,-0.018,0.058,False
MultinomialNB()_10000.0,MultinomialNB()_1000.0,0.031,0.24,-0.006,0.069,False
MultinomialNB()_10000.0,LogisticRegression()_15000.0,0.04,0.022,0.003,0.078,True
MultinomialNB()_10000.0,LogisticRegression()_10000.0,0.04,0.022,0.003,0.078,True
MultinomialNB()_10000.0,LogisticRegression()_5000.0,0.04,0.022,0.003,0.078,True
MultinomialNB()_10000.0,LogisticRegression()_2500.0,0.04,0.021,0.003,0.078,True
MultinomialNB()_10000.0,LinearSVC()_1000.0,0.043,0.01,0.005,0.08,True
MultinomialNB()_10000.0,LogisticRegression()_1000.0,0.043,0.008,0.005,0.081,True
MultinomialNB()_10000.0,LogisticRegression()_500.0,0.05,0.001,0.013,0.088,True
MultinomialNB()_10000.0,MultinomialNB()_500.0,0.071,0.0,0.033,0.108,True
MultinomialNB()_10000.0,LinearSVC()_500.0,0.071,0.0,0.033,0.109,True
MultinomialNB()_5000.0,MultinomialNB()_15000.0,0.0,1.0,-0.038,0.038,False
MultinomialNB()_5000.0,MultinomialNB()_10000.0,0.0,1.0,-0.038,0.038,False
MultinomialNB()_5000.0,MultinomialNB()_2500.0,0.006,1.0,-0.031,0.044,False
MultinomialNB()_5000.0,LinearSVC()_15000.0,0.018,0.968,-0.019,0.056,False
MultinomialNB()_5000.0,LinearSVC()_5000.0,0.018,0.968,-0.019,0.056,False
MultinomialNB()_5000.0,LinearSVC()_10000.0,0.018,0.968,-0.019,0.056,False
MultinomialNB()_5000.0,LinearSVC()_2500.0,0.02,0.924,-0.018,0.058,False
MultinomialNB()_5000.0,MultinomialNB()_1000.0,0.031,0.24,-0.006,0.069,False
MultinomialNB()_5000.0,LogisticRegression()_15000.0,0.04,0.022,0.003,0.078,True
MultinomialNB()_5000.0,LogisticRegression()_10000.0,0.04,0.022,0.003,0.078,True
MultinomialNB()_5000.0,LogisticRegression()_5000.0,0.04,0.022,0.003,0.078,True
MultinomialNB()_5000.0,LogisticRegression()_2500.0,0.04,0.021,0.003,0.078,True
MultinomialNB()_5000.0,LinearSVC()_1000.0,0.043,0.01,0.005,0.08,True
MultinomialNB()_5000.0,LogisticRegression()_1000.0,0.043,0.008,0.005,0.081,True
MultinomialNB()_5000.0,LogisticRegression()_500.0,0.05,0.001,0.013,0.088,True
MultinomialNB()_5000.0,MultinomialNB()_500.0,0.071,0.0,0.033,0.108,True
MultinomialNB()_5000.0,LinearSVC()_500.0,0.071,0.0,0.033,0.109,True
MultinomialNB()_2500.0,MultinomialNB()_15000.0,-0.006,1.0,-0.044,0.031,False
MultinomialNB()_2500.0,MultinomialNB()_10000.0,-0.006,1.0,-0.044,0.031,False
MultinomialNB()_2500.0,MultinomialNB()_5000.0,-0.006,1.0,-0.044,0.031,False
MultinomialNB()_2500.0,LinearSVC()_15000.0,0.012,1.0,-0.026,0.049,False
MultinomialNB()_2500.0,LinearSVC()_5000.0,0.012,1.0,-0.026,0.049,False
MultinomialNB()_2500.0,LinearSVC()_10000.0,0.012,1.0,-0.026,0.049,False
MultinomialNB()_2500.0,LinearSVC()_2500.0,0.014,0.999,-0.024,0.051,False
MultinomialNB()_2500.0,MultinomialNB()_1000.0,0.025,0.659,-0.013,0.063,False
MultinomialNB()_2500.0,LogisticRegression()_15000.0,0.034,0.137,-0.004,0.072,False
MultinomialNB()_2500.0,LogisticRegression()_10000.0,0.034,0.137,-0.004,0.072,False
MultinomialNB()_2500.0,LogisticRegression()_5000.0,0.034,0.137,-0.004,0.072,False
MultinomialNB()_2500.0,LogisticRegression()_2500.0,0.034,0.134,-0.004,0.072,False
MultinomialNB()_2500.0,LinearSVC()_1000.0,0.036,0.075,-0.001,0.074,False
MultinomialNB()_2500.0,LogisticRegression()_1000.0,0.037,0.066,-0.001,0.074,False
MultinomialNB()_2500.0,LogisticRegression()_500.0,0.044,0.007,0.006,0.081,True
MultinomialNB()_2500.0,MultinomialNB()_500.0,0.064,0.0,0.027,0.102,True
MultinomialNB()_2500.0,LinearSVC()_500.0,0.064,0.0,0.027,0.102,True
LinearSVC()_15000.0,MultinomialNB()_15000.0,-0.018,0.968,-0.056,0.019,False
LinearSVC()_15000.0,MultinomialNB()_10000.0,-0.018,0.968,-0.056,0.019,False
LinearSVC()_15000.0,MultinomialNB()_5000.0,-0.018,0.968,-0.056,0.019,False
LinearSVC()_15000.0,MultinomialNB()_2500.0,-0.012,1.0,-0.049,0.026,False
LinearSVC()_15000.0,LinearSVC()_5000.0,0.0,1.0,-0.038,0.038,False
LinearSVC()_15000.0,LinearSVC()_10000.0,0.0,1.0,-0.038,0.038,False
LinearSVC()_15000.0,LinearSVC()_2500.0,0.002,1.0,-0.036,0.039,False
LinearSVC()_15000.0,MultinomialNB()_1000.0,0.013,0.999,-0.024,0.051,False
LinearSVC()_15000.0,LogisticRegression()_15000.0,0.022,0.835,-0.015,0.06,False
LinearSVC()_15000.0,LogisticRegression()_10000.0,0.022,0.835,-0.015,0.06,False
LinearSVC()_15000.0,LogisticRegression()_5000.0,0.022,0.835,-0.015,0.06,False
LinearSVC()_15000.0,LogisticRegression()_2500.0,0.022,0.83,-0.015,0.06,False
LinearSVC()_15000.0,LinearSVC()_1000.0,0.024,0.698,-0.013,0.062,False
LinearSVC()_15000.0,LogisticRegression()_1000.0,0.025,0.667,-0.013,0.063,False
LinearSVC()_15000.0,LogisticRegression()_500.0,0.032,0.213,-0.006,0.07,False
LinearSVC()_15000.0,MultinomialNB()_500.0,0.053,0.0,0.015,0.09,True
LinearSVC()_15000.0,LinearSVC()_500.0,0.053,0.0,0.015,0.09,True
LinearSVC()_5000.0,MultinomialNB()_15000.0,-0.018,0.968,-0.056,0.019,False
LinearSVC()_5000.0,MultinomialNB()_10000.0,-0.018,0.968,-0.056,0.019,False
LinearSVC()_5000.0,MultinomialNB()_5000.0,-0.018,0.968,-0.056,0.019,False
LinearSVC()_5000.0,MultinomialNB()_2500.0,-0.012,1.0,-0.049,0.026,False
LinearSVC()_5000.0,LinearSVC()_15000.0,0.0,1.0,-0.038,0.038,False
LinearSVC()_5000.0,LinearSVC()_10000.0,0.0,1.0,-0.038,0.038,False
LinearSVC()_5000.0,LinearSVC()_2500.0,0.002,1.0,-0.036,0.039,False
LinearSVC()_5000.0,MultinomialNB()_1000.0,0.013,0.999,-0.024,0.051,False
LinearSVC()_5000.0,LogisticRegression()_15000.0,0.022,0.835,-0.015,0.06,False
LinearSVC()_5000.0,LogisticRegression()_10000.0,0.022,0.835,-0.015,0.06,False
LinearSVC()_5000.0,LogisticRegression()_5000.0,0.022,0.835,-0.015,0.06,False
LinearSVC()_5000.0,LogisticRegression()_2500.0,0.022,0.83,-0.015,0.06,False
LinearSVC()_5000.0,LinearSVC()_1000.0,0.024,0.698,-0.013,0.062,False
LinearSVC()_5000.0,LogisticRegression()_1000.0,0.025,0.667,-0.013,0.063,False
LinearSVC()_5000.0,LogisticRegression()_500.0,0.032,0.213,-0.006,0.07,False
LinearSVC()_5000.0,MultinomialNB()_500.0,0.053,0.0,0.015,0.09,True
LinearSVC()_5000.0,LinearSVC()_500.0,0.053,0.0,0.015,0.09,True
LinearSVC()_10000.0,MultinomialNB()_15000.0,-0.018,0.968,-0.056,0.019,False
LinearSVC()_10000.0,MultinomialNB()_10000.0,-0.018,0.968,-0.056,0.019,False
LinearSVC()_10000.0,MultinomialNB()_5000.0,-0.018,0.968,-0.056,0.019,False
LinearSVC()_10000.0,MultinomialNB()_2500.0,-0.012,1.0,-0.049,0.026,False
LinearSVC()_10000.0,LinearSVC()_15000.0,0.0,1.0,-0.038,0.038,False
LinearSVC()_10000.0,LinearSVC()_5000.0,0.0,1.0,-0.038,0.038,False
LinearSVC()_10000.0,LinearSVC()_2500.0,0.002,1.0,-0.036,0.039,False
LinearSVC()_10000.0,MultinomialNB()_1000.0,0.013,0.999,-0.024,0.051,False
LinearSVC()_10000.0,LogisticRegression()_15000.0,0.022,0.835,-0.015,0.06,False
LinearSVC()_10000.0,LogisticRegression()_10000.0,0.022,0.835,-0.015,0.06,False
LinearSVC()_10000.0,LogisticRegression()_5000.0,0.022,0.835,-0.015,0.06,False
LinearSVC()_10000.0,LogisticRegression()_2500.0,0.022,0.83,-0.015,0.06,False
LinearSVC()_10000.0,LinearSVC()_1000.0,0.024,0.698,-0.013,0.062,False
LinearSVC()_10000.0,LogisticRegression()_1000.0,0.025,0.667,-0.013,0.063,False
LinearSVC()_10000.0,LogisticRegression()_500.0,0.032,0.213,-0.006,0.07,False
LinearSVC()_10000.0,MultinomialNB()_500.0,0.053,0.0,0.015,0.09,True
LinearSVC()_10000.0,LinearSVC()_500.0,0.053,0.0,0.015,0.09,True
LinearSVC()_2500.0,MultinomialNB()_15000.0,-0.02,0.924,-0.058,0.018,False
LinearSVC()_2500.0,MultinomialNB()_10000.0,-0.02,0.924,-0.058,0.018,False
LinearSVC()_2500.0,MultinomialNB()_5000.0,-0.02,0.924,-0.058,0.018,False
LinearSVC()_2500.0,MultinomialNB()_2500.0,-0.014,0.999,-0.051,0.024,False
LinearSVC()_2500.0,LinearSVC()_15000.0,-0.002,1.0,-0.039,0.036,False
LinearSVC()_2500.0,LinearSVC()_5000.0,-0.002,1.0,-0.039,0.036,False
LinearSVC()_2500.0,LinearSVC()_10000.0,-0.002,1.0,-0.039,0.036,False
LinearSVC()_2500.0,MultinomialNB()_1000.0,0.011,1.0,-0.026,0.049,False
LinearSVC()_2500.0,LogisticRegression()_15000.0,0.02,0.913,-0.017,0.058,False
LinearSVC()_2500.0,LogisticRegression()_10000.0,0.02,0.913,-0.017,0.058,False
LinearSVC()_2500.0,LogisticRegression()_5000.0,0.02,0.913,-0.017,0.058,False
LinearSVC()_2500.0,LogisticRegression()_2500.0,0.02,0.91,-0.017,0.058,False
LinearSVC()_2500.0,LinearSVC()_1000.0,0.023,0.811,-0.015,0.06,False
LinearSVC()_2500.0,LogisticRegression()_1000.0,0.023,0.785,-0.015,0.061,False
LinearSVC()_2500.0,LogisticRegression()_500.0,0.03,0.31,-0.007,0.068,False
LinearSVC()_2500.0,MultinomialNB()_500.0,0.051,0.0,0.013,0.088,True
LinearSVC()_2500.0,LinearSVC()_500.0,0.051,0.0,0.013,0.089,True
MultinomialNB()_1000.0,MultinomialNB()_15000.0,-0.031,0.24,-0.069,0.006,False
MultinomialNB()_1000.0,MultinomialNB()_10000.0,-0.031,0.24,-0.069,0.006,False
MultinomialNB()_1000.0,MultinomialNB()_5000.0,-0.031,0.24,-0.069,0.006,False
MultinomialNB()_1000.0,MultinomialNB()_2500.0,-0.025,0.659,-0.063,0.013,False
MultinomialNB()_1000.0,LinearSVC()_15000.0,-0.013,0.999,-0.051,0.024,False
MultinomialNB()_1000.0,LinearSVC()_5000.0,-0.013,0.999,-0.051,0.024,False
MultinomialNB()_1000.0,LinearSVC()_10000.0,-0.013,0.999,-0.051,0.024,False
MultinomialNB()_1000.0,LinearSVC()_2500.0,-0.011,1.0,-0.049,0.026,False
MultinomialNB()_1000.0,LogisticRegression()_15000.0,0.009,1.0,-0.029,0.047,False
MultinomialNB()_1000.0,LogisticRegression()_10000.0,0.009,1.0,-0.029,0.047,False
MultinomialNB()_1000.0,LogisticRegression()_5000.0,0.009,1.0,-0.029,0.047,False
MultinomialNB()_1000.0,LogisticRegression()_2500.0,0.009,1.0,-0.029,0.047,False
MultinomialNB()_1000.0,LinearSVC()_1000.0,0.011,1.0,-0.026,0.049,False
MultinomialNB()_1000.0,LogisticRegression()_1000.0,0.012,1.0,-0.026,0.049,False
MultinomialNB()_1000.0,LogisticRegression()_500.0,0.019,0.957,-0.019,0.056,False
MultinomialNB()_1000.0,MultinomialNB()_500.0,0.039,0.03,0.002,0.077,True
MultinomialNB()_1000.0,LinearSVC()_500.0,0.039,0.029,0.002,0.077,True
LogisticRegression()_15000.0,MultinomialNB()_15000.0,-0.04,0.022,-0.078,-0.003,True
LogisticRegression()_15000.0,MultinomialNB()_10000.0,-0.04,0.022,-0.078,-0.003,True
LogisticRegression()_15000.0,MultinomialNB()_5000.0,-0.04,0.022,-0.078,-0.003,True
LogisticRegression()_15000.0,MultinomialNB()_2500.0,-0.034,0.137,-0.072,0.004,False
LogisticRegression()_15000.0,LinearSVC()_15000.0,-0.022,0.835,-0.06,0.015,False
LogisticRegression()_15000.0,LinearSVC()_5000.0,-0.022,0.835,-0.06,0.015,False
LogisticRegression()_15000.0,LinearSVC()_10000.0,-0.022,0.835,-0.06,0.015,False
LogisticRegression()_15000.0,LinearSVC()_2500.0,-0.02,0.913,-0.058,0.017,False
LogisticRegression()_15000.0,MultinomialNB()_1000.0,-0.009,1.0,-0.047,0.029,False
LogisticRegression()_15000.0,LogisticRegression()_10000.0,0.0,1.0,-0.038,0.038,False
LogisticRegression()_15000.0,LogisticRegression()_5000.0,0.0,1.0,-0.038,0.038,False
LogisticRegression()_15000.0,LogisticRegression()_2500.0,0.0,1.0,-0.038,0.038,False
LogisticRegression()_15000.0,LinearSVC()_1000.0,0.002,1.0,-0.035,0.04,False
LogisticRegression()_15000.0,LogisticRegression()_1000.0,0.003,1.0,-0.035,0.04,False
LogisticRegression()_15000.0,LogisticRegression()_500.0,0.01,1.0,-0.028,0.047,False
LogisticRegression()_15000.0,MultinomialNB()_500.0,0.03,0.292,-0.007,0.068,False
LogisticRegression()_15000.0,LinearSVC()_500.0,0.031,0.288,-0.007,0.068,False
LogisticRegression()_10000.0,MultinomialNB()_15000.0,-0.04,0.022,-0.078,-0.003,True
LogisticRegression()_10000.0,MultinomialNB()_10000.0,-0.04,0.022,-0.078,-0.003,True
LogisticRegression()_10000.0,MultinomialNB()_5000.0,-0.04,0.022,-0.078,-0.003,True
LogisticRegression()_10000.0,MultinomialNB()_2500.0,-0.034,0.137,-0.072,0.004,False
LogisticRegression()_10000.0,LinearSVC()_15000.0,-0.022,0.835,-0.06,0.015,False
LogisticRegression()_10000.0,LinearSVC()_5000.0,-0.022,0.835,-0.06,0.015,False
LogisticRegression()_10000.0,LinearSVC()_10000.0,-0.022,0.835,-0.06,0.015,False
LogisticRegression()_10000.0,LinearSVC()_2500.0,-0.02,0.913,-0.058,0.017,False
LogisticRegression()_10000.0,MultinomialNB()_1000.0,-0.009,1.0,-0.047,0.029,False
LogisticRegression()_10000.0,LogisticRegression()_15000.0,0.0,1.0,-0.038,0.038,False
LogisticRegression()_10000.0,LogisticRegression()_5000.0,0.0,1.0,-0.038,0.038,False
LogisticRegression()_10000.0,LogisticRegression()_2500.0,0.0,1.0,-0.038,0.038,False
LogisticRegression()_10000.0,LinearSVC()_1000.0,0.002,1.0,-0.035,0.04,False
LogisticRegression()_10000.0,LogisticRegression()_1000.0,0.003,1.0,-0.035,0.04,False
LogisticRegression()_10000.0,LogisticRegression()_500.0,0.01,1.0,-0.028,0.047,False
LogisticRegression()_10000.0,MultinomialNB()_500.0,0.03,0.292,-0.007,0.068,False
LogisticRegression()_10000.0,LinearSVC()_500.0,0.031,0.288,-0.007,0.068,False
LogisticRegression()_5000.0,MultinomialNB()_15000.0,-0.04,0.022,-0.078,-0.003,True
LogisticRegression()_5000.0,MultinomialNB()_10000.0,-0.04,0.022,-0.078,-0.003,True
LogisticRegression()_5000.0,MultinomialNB()_5000.0,-0.04,0.022,-0.078,-0.003,True
LogisticRegression()_5000.0,MultinomialNB()_2500.0,-0.034,0.137,-0.072,0.004,False
LogisticRegression()_5000.0,LinearSVC()_15000.0,-0.022,0.835,-0.06,0.015,False
LogisticRegression()_5000.0,LinearSVC()_5000.0,-0.022,0.835,-0.06,0.015,False
LogisticRegression()_5000.0,LinearSVC()_10000.0,-0.022,0.835,-0.06,0.015,False
LogisticRegression()_5000.0,LinearSVC()_2500.0,-0.02,0.913,-0.058,0.017,False
LogisticRegression()_5000.0,MultinomialNB()_1000.0,-0.009,1.0,-0.047,0.029,False
LogisticRegression()_5000.0,LogisticRegression()_15000.0,0.0,1.0,-0.038,0.038,False
LogisticRegression()_5000.0,LogisticRegression()_10000.0,0.0,1.0,-0.038,0.038,False
LogisticRegression()_5000.0,LogisticRegression()_2500.0,0.0,1.0,-0.038,0.038,False
LogisticRegression()_5000.0,LinearSVC()_1000.0,0.002,1.0,-0.035,0.04,False
LogisticRegression()_5000.0,LogisticRegression()_1000.0,0.003,1.0,-0.035,0.04,False
LogisticRegression()_5000.0,LogisticRegression()_500.0,0.01,1.0,-0.028,0.047,False
LogisticRegression()_5000.0,MultinomialNB()_500.0,0.03,0.292,-0.007,0.068,False
LogisticRegression()_5000.0,LinearSVC()_500.0,0.031,0.288,-0.007,0.068,False
LogisticRegression()_2500.0,MultinomialNB()_15000.0,-0.04,0.021,-0.078,-0.003,True
LogisticRegression()_2500.0,MultinomialNB()_10000.0,-0.04,0.021,-0.078,-0.003,True
LogisticRegression()_2500.0,MultinomialNB()_5000.0,-0.04,0.021,-0.078,-0.003,True
LogisticRegression()_2500.0,MultinomialNB()_2500.0,-0.034,0.134,-0.072,0.004,False
LogisticRegression()_2500.0,LinearSVC()_15000.0,-0.022,0.83,-0.06,0.015,False
LogisticRegression()_2500.0,LinearSVC()_5000.0,-0.022,0.83,-0.06,0.015,False
LogisticRegression()_2500.0,LinearSVC()_10000.0,-0.022,0.83,-0.06,0.015,False
LogisticRegression()_2500.0,LinearSVC()_2500.0,-0.02,0.91,-0.058,0.017,False
LogisticRegression()_2500.0,MultinomialNB()_1000.0,-0.009,1.0,-0.047,0.029,False
LogisticRegression()_2500.0,LogisticRegression()_15000.0,-0.0,1.0,-0.038,0.038,False
LogisticRegression()_2500.0,LogisticRegression()_10000.0,-0.0,1.0,-0.038,0.038,False
LogisticRegression()_2500.0,LogisticRegression()_5000.0,-0.0,1.0,-0.038,0.038,False
LogisticRegression()_2500.0,LinearSVC()_1000.0,0.002,1.0,-0.035,0.04,False
LogisticRegression()_2500.0,LogisticRegression()_1000.0,0.003,1.0,-0.035,0.04,False
LogisticRegression()_2500.0,LogisticRegression()_500.0,0.01,1.0,-0.028,0.047,False
LogisticRegression()_2500.0,MultinomialNB()_500.0,0.03,0.297,-0.007,0.068,False
LogisticRegression()_2500.0,LinearSVC()_500.0,0.03,0.293,-0.007,0.068,False
LinearSVC()_1000.0,MultinomialNB()_15000.0,-0.043,0.01,-0.08,-0.005,True
LinearSVC()_1000.0,MultinomialNB()_10000.0,-0.043,0.01,-0.08,-0.005,True
LinearSVC()_1000.0,MultinomialNB()_5000.0,-0.043,0.01,-0.08,-0.005,True
LinearSVC()_1000.0,MultinomialNB()_2500.0,-0.036,0.075,-0.074,0.001,False
LinearSVC()_1000.0,LinearSVC()_15000.0,-0.024,0.698,-0.062,0.013,False
LinearSVC()_1000.0,LinearSVC()_5000.0,-0.024,0.698,-0.062,0.013,False
LinearSVC()_1000.0,LinearSVC()_10000.0,-0.024,0.698,-0.062,0.013,False
LinearSVC()_1000.0,LinearSVC()_2500.0,-0.023,0.811,-0.06,0.015,False
LinearSVC()_1000.0,MultinomialNB()_1000.0,-0.011,1.0,-0.049,0.026,False
LinearSVC()_1000.0,LogisticRegression()_15000.0,-0.002,1.0,-0.04,0.035,False
LinearSVC()_1000.0,LogisticRegression()_10000.0,-0.002,1.0,-0.04,0.035,False
LinearSVC()_1000.0,LogisticRegression()_5000.0,-0.002,1.0,-0.04,0.035,False
LinearSVC()_1000.0,LogisticRegression()_2500.0,-0.002,1.0,-0.04,0.035,False
LinearSVC()_1000.0,LogisticRegression()_1000.0,0.0,1.0,-0.037,0.038,False
LinearSVC()_1000.0,LogisticRegression()_500.0,0.008,1.0,-0.03,0.045,False
LinearSVC()_1000.0,MultinomialNB()_500.0,0.028,0.437,-0.009,0.066,False
LinearSVC()_1000.0,LinearSVC()_500.0,0.028,0.432,-0.009,0.066,False
LogisticRegression()_1000.0,MultinomialNB()_15000.0,-0.043,0.008,-0.081,-0.005,True
LogisticRegression()_1000.0,MultinomialNB()_10000.0,-0.043,0.008,-0.081,-0.005,True
LogisticRegression()_1000.0,MultinomialNB()_5000.0,-0.043,0.008,-0.081,-0.005,True
LogisticRegression()_1000.0,MultinomialNB()_2500.0,-0.037,0.066,-0.074,0.001,False
LogisticRegression()_1000.0,LinearSVC()_15000.0,-0.025,0.667,-0.063,0.013,False
LogisticRegression()_1000.0,LinearSVC()_5000.0,-0.025,0.667,-0.063,0.013,False
LogisticRegression()_1000.0,LinearSVC()_10000.0,-0.025,0.667,-0.063,0.013,False
LogisticRegression()_1000.0,LinearSVC()_2500.0,-0.023,0.785,-0.061,0.015,False
LogisticRegression()_1000.0,MultinomialNB()_1000.0,-0.012,1.0,-0.049,0.026,False
LogisticRegression()_1000.0,LogisticRegression()_15000.0,-0.003,1.0,-0.04,0.035,False
LogisticRegression()_1000.0,LogisticRegression()_10000.0,-0.003,1.0,-0.04,0.035,False
LogisticRegression()_1000.0,LogisticRegression()_5000.0,-0.003,1.0,-0.04,0.035,False
LogisticRegression()_1000.0,LogisticRegression()_2500.0,-0.003,1.0,-0.04,0.035,False
LogisticRegression()_1000.0,LinearSVC()_1000.0,-0.0,1.0,-0.038,0.037,False
LogisticRegression()_1000.0,LogisticRegression()_500.0,0.007,1.0,-0.031,0.045,False
LogisticRegression()_1000.0,MultinomialNB()_500.0,0.028,0.469,-0.01,0.065,False
LogisticRegression()_1000.0,LinearSVC()_500.0,0.028,0.464,-0.01,0.065,False
LogisticRegression()_500.0,MultinomialNB()_15000.0,-0.05,0.001,-0.088,-0.013,True
LogisticRegression()_500.0,MultinomialNB()_10000.0,-0.05,0.001,-0.088,-0.013,True
LogisticRegression()_500.0,MultinomialNB()_5000.0,-0.05,0.001,-0.088,-0.013,True
LogisticRegression()_500.0,MultinomialNB()_2500.0,-0.044,0.007,-0.081,-0.006,True
LogisticRegression()_500.0,LinearSVC()_15000.0,-0.032,0.213,-0.07,0.006,False
LogisticRegression()_500.0,LinearSVC()_5000.0,-0.032,0.213,-0.07,0.006,False
LogisticRegression()_500.0,LinearSVC()_10000.0,-0.032,0.213,-0.07,0.006,False
LogisticRegression()_500.0,LinearSVC()_2500.0,-0.03,0.31,-0.068,0.007,False
LogisticRegression()_500.0,MultinomialNB()_1000.0,-0.019,0.957,-0.056,0.019,False
LogisticRegression()_500.0,LogisticRegression()_15000.0,-0.01,1.0,-0.047,0.028,False
LogisticRegression()_500.0,LogisticRegression()_10000.0,-0.01,1.0,-0.047,0.028,False
LogisticRegression()_500.0,LogisticRegression()_5000.0,-0.01,1.0,-0.047,0.028,False
LogisticRegression()_500.0,LogisticRegression()_2500.0,-0.01,1.0,-0.047,0.028,False
LogisticRegression()_500.0,LinearSVC()_1000.0,-0.008,1.0,-0.045,0.03,False
LogisticRegression()_500.0,LogisticRegression()_1000.0,-0.007,1.0,-0.045,0.031,False
LogisticRegression()_500.0,MultinomialNB()_500.0,0.021,0.902,-0.017,0.058,False
LogisticRegression()_500.0,LinearSVC()_500.0,0.021,0.9,-0.017,0.058,False
MultinomialNB()_500.0,MultinomialNB()_15000.0,-0.071,0.0,-0.108,-0.033,True
MultinomialNB()_500.0,MultinomialNB()_10000.0,-0.071,0.0,-0.108,-0.033,True
MultinomialNB()_500.0,MultinomialNB()_5000.0,-0.071,0.0,-0.108,-0.033,True
MultinomialNB()_500.0,MultinomialNB()_2500.0,-0.064,0.0,-0.102,-0.027,True
MultinomialNB()_500.0,LinearSVC()_15000.0,-0.053,0.0,-0.09,-0.015,True
MultinomialNB()_500.0,LinearSVC()_5000.0,-0.053,0.0,-0.09,-0.015,True
MultinomialNB()_500.0,LinearSVC()_10000.0,-0.053,0.0,-0.09,-0.015,True
MultinomialNB()_500.0,LinearSVC()_2500.0,-0.051,0.0,-0.088,-0.013,True
MultinomialNB()_500.0,MultinomialNB()_1000.0,-0.039,0.03,-0.077,-0.002,True
MultinomialNB()_500.0,LogisticRegression()_15000.0,-0.03,0.292,-0.068,0.007,False
MultinomialNB()_500.0,LogisticRegression()_10000.0,-0.03,0.292,-0.068,0.007,False
MultinomialNB()_500.0,LogisticRegression()_5000.0,-0.03,0.292,-0.068,0.007,False
MultinomialNB()_500.0,LogisticRegression()_2500.0,-0.03,0.297,-0.068,0.007,False
MultinomialNB()_500.0,LinearSVC()_1000.0,-0.028,0.437,-0.066,0.009,False
MultinomialNB()_500.0,LogisticRegression()_1000.0,-0.028,0.469,-0.065,0.01,False
MultinomialNB()_500.0,LogisticRegression()_500.0,-0.021,0.902,-0.058,0.017,False
MultinomialNB()_500.0,LinearSVC()_500.0,0.0,1.0,-0.038,0.038,False
LinearSVC()_500.0,MultinomialNB()_15000.0,-0.071,0.0,-0.109,-0.033,True
LinearSVC()_500.0,MultinomialNB()_10000.0,-0.071,0.0,-0.109,-0.033,True
LinearSVC()_500.0,MultinomialNB()_5000.0,-0.071,0.0,-0.109,-0.033,True
LinearSVC()_500.0,MultinomialNB()_2500.0,-0.064,0.0,-0.102,-0.027,True
LinearSVC()_500.0,LinearSVC()_15000.0,-0.053,0.0,-0.09,-0.015,True
LinearSVC()_500.0,LinearSVC()_5000.0,-0.053,0.0,-0.09,-0.015,True
LinearSVC()_500.0,LinearSVC()_10000.0,-0.053,0.0,-0.09,-0.015,True
LinearSVC()_500.0,LinearSVC()_2500.0,-0.051,0.0,-0.089,-0.013,True
LinearSVC()_500.0,MultinomialNB()_1000.0,-0.039,0.029,-0.077,-0.002,True
LinearSVC()_500.0,LogisticRegression()_15000.0,-0.031,0.288,-0.068,0.007,False
LinearSVC()_500.0,LogisticRegression()_10000.0,-0.031,0.288,-0.068,0.007,False
LinearSVC()_500.0,LogisticRegression()_5000.0,-0.031,0.288,-0.068,0.007,False
LinearSVC()_500.0,LogisticRegression()_2500.0,-0.03,0.293,-0.068,0.007,False
LinearSVC()_500.0,LinearSVC()_1000.0,-0.028,0.432,-0.066,0.009,False
LinearSVC()_500.0,LogisticRegression()_1000.0,-0.028,0.464,-0.065,0.01,False
LinearSVC()_500.0,LogisticRegression()_500.0,-0.021,0.9,-0.058,0.017,False
LinearSVC()_500.0,MultinomialNB()_500.0,-0.0,1.0,-0.038,0.038,False
